{"filename": "index.rst", "lineno": 18, "status": "unchecked", "code": 0, "uri": "", "info": ""}
{"filename": "home.rst", "lineno": 1, "status": "unchecked", "code": 0, "uri": "#menu.models.Category", "info": ""}
{"filename": "accounts.rst", "lineno": 1, "status": "unchecked", "code": 0, "uri": "#orders.models.Order", "info": ""}
{"filename": "accounts.rst", "lineno": 1, "status": "unchecked", "code": 0, "uri": "#orders.models.Order_detail", "info": ""}
{"filename": "home.rst", "lineno": 1, "status": "unchecked", "code": 0, "uri": "#utils.ImageMixin", "info": ""}
{"filename": "caffeshop.rst", "lineno": 5, "status": "working", "code": 0, "uri": "https://docs.djangoproject.com/en/4.2/howto/deployment/asgi/", "info": ""}
{"filename": "caffeshop.rst", "lineno": 5, "status": "working", "code": 0, "uri": "https://docs.djangoproject.com/en/4.2/topics/settings/", "info": ""}
{"filename": "caffeshop.rst", "lineno": 5, "status": "working", "code": 0, "uri": "https://docs.djangoproject.com/en/4.2/howto/deployment/wsgi/", "info": ""}
{"filename": "caffeshop.rst", "lineno": 4, "status": "working", "code": 0, "uri": "https://docs.djangoproject.com/en/4.2/topics/http/urls/", "info": ""}
{"filename": "caffeshop.rst", "lineno": 8, "status": "working", "code": 0, "uri": "https://docs.djangoproject.com/en/4.2/ref/settings/", "info": ""}
